,ID,Name,Park,City,State,Country,Status,Status Date,Material,Seating,Thrill,Make,Model,Length,Height,Drop,Speed,Inversions,VerticalAngle,Duration,G-Force,Link
0,4fd952b20fbbffea96d79aed35079abc,Big Apple Coaster,"New York, New York Hotel & Casino",Las Vegas,Nevada,United States,Operating,1997-01-03,Steel,Sit Down,Extreme,Togo,Mega Coaster,4777,203,144,67,2,55,2:40,,https://rcdb.com/139.htm
1,72bd05fed1e930a73b762a3be29ca774,Roller Coaster,Lagoon,Farmington,Utah,United States,Operating,1921,Wood,Sit Down,Thrill,,,2500,62,,45,0,,,,https://rcdb.com/196.htm
2,898d3dd61a404a5e619f8e16464f7fef,Colossus the Fire Dragon,Lagoon,Farmington,Utah,United States,Operating,1983,Steel,Sit Down,Extreme,Schwarzkopf,Double Looping (with additional trackway curve),2296.6,86.9,,49.1,2,,1:45,,https://rcdb.com/197.htm
3,91d030090ee98fbd3ee73e1472c68cc5,Jet Star 2,Lagoon,Farmington,Utah,United States,Operating,1976-04-03,Steel,Sit Down,Thrill,Schwarzkopf,Jet Star,1919.3,44.3,,,0,,,,https://rcdb.com/198.htm
4,45560d9a6b0ae9ea0e469ce5d05d35e5,Wild Mouse,Lagoon,Farmington,Utah,United States,Operating,1998,Steel,Sit Down,Thrill,Maurer Rides GmbH,Wild Maus Classic,1213.9,49.3,,28,0,46,1:10,,https://rcdb.com/507.htm
5,7144880122f5c75ab36bab6bd96ac60f,Wicked,Lagoon,Farmington,Utah,United States,Operating,2007-06-01,Steel,Sit Down,Extreme,Zierer,Tower,2050.5,110,,55,1,90,1:46,4.8,https://rcdb.com/3534.htm
6,fd1cee631d630742e4e35fe0c603fb6d,Spider,Lagoon,Farmington,Utah,United States,Operating,2003-04,Steel,Sit Down,Thrill,Maurer Rides GmbH,Spinning Coaster,1391.1,50.8,,37.3,0,50,1:10,,https://rcdb.com/2164.htm
7,c3469c3b8bed6574feb4879efcb1c351,Cannibal,Lagoon,Farmington,Utah,United States,Operating,2015-07-02,Steel,Sit Down,Extreme,ART Engineering GmbH,Mega Coaster,2759,197,,72,3,116,2:30,,https://rcdb.com/11579.htm
8,bff93e0b31134fd821453a3f12d630de,Primordial,Lagoon,Farmington,Utah,United States,Operating,2023-09-15,Steel,Sit Down,Thrill,ART Engineering GmbH,Interactive Coaster,1984.9,85.3,,40.4,0,,,,https://rcdb.com/17035.htm
9,45560d9a6b0ae9ea0e469ce5d05d35e5,Wild Mouse,Lagoon,Farmington,Utah,United States,Operated,1965,Wood,Sit Down,Thrill,,,,,,,0,,,,https://rcdb.com/1751.htm
10,513c74f0b7f18853362113421d43c494,Giant Dipper,Belmont Park,San Diego,California,United States,Operating,1925-07-04,Wood,Sit Down,,,,2600,73,,55,0,,,,https://rcdb.com/203.htm
11,628779a3e3b2c48dd99944eafcf13785,Demon,California's Great America,Santa Clara,California,United States,Operating,1976-05-20,Steel,Sit Down,Extreme,Arrow Dynamics,Custom Looping Coaster,2130,102,90,50,4,54,1:45,,https://rcdb.com/76.htm
12,1ca6452d4eeccf98d1b831c6a15ed302,Grizzly,California's Great America,Santa Clara,California,United States,Operating,1986,Wood,Sit Down,Extreme,,,3250,91,,55,0,,2:40,,https://rcdb.com/77.htm
13,ff8cbf25c4436b648c0bd30c3d0e582f,Woodstock Express,California's Great America,Santa Clara,California,United States,Operating,1987,Steel,Sit Down,Family,Intamin Amusement Rides,Other,1300,,,,0,,1:15,,https://rcdb.com/78.htm
14,e66cac0391cbeed56751c01523ad8c99,Patriot,California's Great America,Santa Clara,California,United States,Operating,1991-03-09,Steel,Sit Down,Extreme,Bolliger & Mabillard,Stand-Up Coaster,1920,91,,45,2,,2:14,,https://rcdb.com/79.htm
15,fffb850a46cce9faba19dd01336c7d86,Flight Deck,California's Great America,Santa Clara,California,United States,Operating,1993-03-19,Steel,Inverted,Extreme,Bolliger & Mabillard,Inverted Coaster,2260,102,91,50,3,,2:26,,https://rcdb.com/80.htm
16,b09fd5b8d6e4df79d1a2d7be28ad0620,Lucy's Crabbie Cabbies,California's Great America,Santa Clara,California,United States,Operating,1999,Steel,Sit Down,Family,E&F Miler Industries,Family Coaster,,,,,0,,,,https://rcdb.com/536.htm
17,fd0557aab7729ecdb9abae3495921cce,Psycho Mouse,California's Great America,Santa Clara,California,United States,Operating,2001-03-24,Steel,Sit Down,Thrill,Arrow Dynamics,Mad Mouse,1257,,,,0,,,,https://rcdb.com/1036.htm
18,68eedffe8cb61ea64f066222e7cede2f,Gold Striker,California's Great America,Santa Clara,California,United States,Operating,2013-05-31,Wood,Sit Down,Extreme,Great Coasters International,Wooden Coasters,3197,108.2,,53.7,0,,2:30,,https://rcdb.com/10857.htm
19,8cf57636765c43749636882e2b435f3f,RailBlazer,California's Great America,Santa Clara,California,United States,Operating,2018-06-14,Steel,Sit Down,Extreme,Rocky Mountain Construction,Raptor Track,1800,106,,52,3,90,,,https://rcdb.com/15412.htm
20,5e282b56bbe72f26d83d179a0c766cbd,Invertigo,California's Great America,Santa Clara,California,United States,Operated,1998-03-21,Steel,Inverted,Extreme,Vekoma,Other,1013.8,131.3,,50,3,,1:30,5,https://rcdb.com/473.htm
21,123c24621f644998dff9c5cdf6c5837d,Incredicoaster,Disney California Adventure Park,Anaheim,California,United States,Operating,2001-02-08,Steel,Sit Down,Extreme,Intamin Amusement Rides,Multi Inversion Coaster,6072,,108,55,1,,2:36,,https://rcdb.com/731.htm
22,2f2957c29097555fabca2523af5d2e11,Goofy's Sky School,Disney California Adventure Park,Anaheim,California,United States,Operating,2001-02-08,Steel,Sit Down,Thrill,Mack Rides GmbH & Co KG,Wilde Maus,,,,27,0,,,,https://rcdb.com/732.htm
23,c518fcd1f948e341a670ceb5aa525a40,Matterhorn Bobsleds,Disneyland,Anaheim,California,United States,Operating,1959,Steel,Sit Down,Thrill,Arrow Dynamics,Special Coaster Systems,2037,80,,,0,,2:07,,https://rcdb.com/200.htm
24,51d41c9d8b427970ae218b8096a37f43,Space Mountain,Disneyland,Anaheim,California,United States,Operating,1977-05-27,Steel,Sit Down,Family,,,3459,,,32,0,,,,https://rcdb.com/201.htm
25,ade657b5cf57ac00c4ea93c965b6c165,Big Thunder Mountain Railroad,Disneyland,Anaheim,California,United States,Operating,1979-09-02,Steel,Sit Down,Thrill,Dynamic Attractions,,2671,,,28,0,,,,https://rcdb.com/202.htm
26,58730702a2f986b19c9a419ff385d0a5,Chip & Dale’s Gadget Coaster,Disneyland,Anaheim,California,United States,Operating,1993,Steel,Sit Down,Family,Vekoma,Junior Coaster,679.1,27.9,,21.7,0,,0:44,,https://rcdb.com/295.htm
27,dac646eab1505aac48cf5e03cc11d52b,Quicksilver Express,Gilroy Gardens Family Theme Park,Gilroy,California,United States,Operating,2001-06-15,Steel,Sit Down,Thrill,"D.H. Morgan Manufacturing, Inc.",,2139,38,,32,0,,,,https://rcdb.com/737.htm
28,e797bcb67703781fbc0ad189505ce26e,Timber Twister,Gilroy Gardens Family Theme Park,Gilroy,California,United States,Operating,2001-06-15,Steel,Sit Down,Family,Zierer,Tivoli,,,,,0,,,,https://rcdb.com/1045.htm
29,3042221e06acd4ec3b4aac4455f6144b,Pacific Fruit Express,Happy Hollow Park and Zoo,San Jose,California,United States,Operating,2010-03-20,Steel,Sit Down,Family,E&F Miler Industries,Family Coaster,,,,,0,,,,https://rcdb.com/3651.htm
30,f371cadc8ef146ec146fa2ecef9fcb1e,Jaguar!,Knott's Berry Farm,Buena Park,California,United States,Operating,1995-06-17,Steel,Sit Down,Family,Zierer,Tivoli,2602,65,45,35,0,25,2:00,,https://rcdb.com/291.htm
31,6400a5fa40be42e0bf01f10dc1054ef7,GhostRider,Knott's Berry Farm,Buena Park,California,United States,Operating,1998-12-08,Wood,Sit Down,Extreme,"Custom Coasters International, Inc.",,4533,118,108,56,0,51,2:40,3.1,https://rcdb.com/526.htm
32,61d5e657f1ba5e3bb05083325bf59e60,Xcelerator,Knott's Berry Farm,Buena Park,California,United States,Operating,2002-06-22,Steel,Sit Down,Extreme,Intamin Amusement Rides,Other,2202,205,,82,0,90,1:02,,https://rcdb.com/1574.htm
33,7b5266f259e26159d42c286401397926,Silver Bullet,Knott's Berry Farm,Buena Park,California,United States,Operating,2004-12-07,Steel,Inverted,Extreme,Bolliger & Mabillard,Inverted Coaster,3125,146,109,55,6,,2:30,,https://rcdb.com/2536.htm
34,2af0cb07b1fdd070340be9effc3094bc,Sierra Sidewinder,Knott's Berry Farm,Buena Park,California,United States,Operating,2007-05-26,Steel,Sit Down,Thrill,Mack Rides GmbH & Co KG,Spinning Coaster,1505.9,64,41,36.9,0,34,1:56,3.3,https://rcdb.com/3704.htm
35,29f2e2c4cd8b4517c3914fb991e19295,Pony Express,Knott's Berry Farm,Buena Park,California,United States,Operating,2008-05-22,Steel,Sit Down,Thrill,Zamperla,Moto Coaster,1250,44.3,,38,0,,,,https://rcdb.com/4089.htm
36,5af08523189cf963ae76c05eea1c3aca,Coast Rider,Knott's Berry Farm,Buena Park,California,United States,Operating,2013-05-25,Steel,Sit Down,Thrill,Mack Rides GmbH & Co KG,Wilde Maus,1339,52,,,0,,,,https://rcdb.com/11074.htm
37,e47fe7a64f04c09663196781ca145926,HangTime,Knott's Berry Farm,Buena Park,California,United States,Operating,2018-05-18,Steel,Sit Down,Extreme,Gerstlauer Amusement Rides GmbH,Infinity Coaster,2198,150,,57,5,96,,,https://rcdb.com/15413.htm
38,de5111a2ea4c7cd380ae07261d0bd2b3,Montezooma's Revenge,Knott's Berry Farm,Buena Park,California,United States,SBNO,2022-02-08,Steel,Sit Down,Extreme,Schwarzkopf,Shuttle Loop,800,148,,55,1,,0:36,,https://rcdb.com/292.htm
39,4e3893ed9e284a4feab15f4a65f0c70d,Timberline Twister,Knott's Berry Farm,Buena Park,California,United States,Operated,1983,Steel,Sit Down,Kiddie,Bradley and Kaye,,480,30,,,0,,0:55,,https://rcdb.com/293.htm
40,56ef63fa398fa27b3ee848369050e7e9,Boomerang,Knott's Berry Farm,Buena Park,California,United States,Operated,1990-04-06,Steel,Sit Down,Extreme,Vekoma,Other,935,116.5,,47,3,,1:48,5.2,https://rcdb.com/290.htm
41,ed78162f36e9344baa75247916d268fe,Dragon,Legoland California,Carlsbad,California,United States,Operating,1999-03-20,Steel,Sit Down,Family,Vekoma,Junior Coaster,1246.7,,,,0,,,,https://rcdb.com/554.htm
42,827303346d95e82d53e95979221b2cc8,Technic Coaster,Legoland California,Carlsbad,California,United States,Operating,2001-04-07,Steel,Sit Down,Thrill,Mack Rides GmbH & Co KG,Wilde Maus,1312.3,51.8,49.8,35,0,,,,https://rcdb.com/1144.htm
43,3772a4cdaa440554ea37e4171e10cf9f,Coastersaurus,Legoland California,Carlsbad,California,United States,Operating,2004-04-01,Steel,Sit Down,Family,Gerstlauer Amusement Rides GmbH,Junior Coaster,492.2,18.1,,20.5,0,,,,https://rcdb.com/2614.htm
44,43d46f6063a10c6c62d92e83228f24d9,Tiger Trek,Oakland Zoo,Oakland,California,United States,Operating,1999,Steel,Sit Down,Kiddie,Wisdom Rides,Other,,,,,0,,,,https://rcdb.com/658.htm
45,b1b7558035641633ed5bf9ce43212c5d,Santa Monica West Coaster,Pacific Park,Santa Monica,California,United States,Operating,1996-05-25,Steel,Sit Down,Family,"D.H. Morgan Manufacturing, Inc.",,1300,55,,35,0,,,,https://rcdb.com/434.htm
46,1a416422df0f6273a24cf2bd705da087,Giant Dipper,Santa Cruz Beach Boardwalk,Santa Cruz,California,United States,Operating,1924-05-17,Wood,Sit Down,,,,2640,70,65,55,0,,1:52,,https://rcdb.com/204.htm
47,c88b591547b4ed2e60faaa0a80164d28,Sea Serpent,Santa Cruz Beach Boardwalk,Santa Cruz,California,United States,Operating,2000,Steel,Sit Down,Family,E&F Miler Industries,Family Coaster,,,,,0,,,,https://rcdb.com/717.htm
48,58def90702c30fa2ecebbecab5c70d95,Undertow,Santa Cruz Beach Boardwalk,Santa Cruz,California,United States,Operating,2013-10-19,Steel,Sit Down,Thrill,Maurer Rides GmbH,Spinning Coaster,1410,50,,40,0,,,,https://rcdb.com/10930.htm
49,dc8c0476218f9a4cb7912e761fa338c0,Hurricane,Santa Cruz Beach Boardwalk,Santa Cruz,California,United States,Operated,1992,Steel,Sit Down,Thrill,S.D.C.,Hurricane,,,,,0,,,,https://rcdb.com/205.htm
50,a12cbc54b13da6e0c8ff050520de0a22,Manta,SeaWorld San Diego,San Diego,California,United States,Operating,2012-05-26,Steel,Sit Down,Extreme,Mack Rides GmbH & Co KG,Launch Coaster,2800,30,54,43,0,,2:00,4,https://rcdb.com/9819.htm
51,85ff10ff1df0c347dbb484ffa242116d,Electric Eel,SeaWorld San Diego,San Diego,California,United States,Operating,2018-05-10,Steel,Sit Down,Extreme,Premier Rides,Sky Rocket,863,150,,62,1,,,,https://rcdb.com/14683.htm
52,06dd54510244670c530b8ed338b76bf4,Emperor,SeaWorld San Diego,San Diego,California,United States,Operating,2022-03-12,Steel,Sit Down,Extreme,Bolliger & Mabillard,Dive Coaster,2411,153,143,60,3,90,1:35,,https://rcdb.com/17030.htm
53,e8a3ccf7a8328cd399cb3f4ee41e337d,Arctic Rescue,SeaWorld San Diego,San Diego,California,United States,Operating,2023-06-02,Steel,Sit Down,Thrill,Intamin Amusement Rides,Family Launch Coaster,2800,,,40,0,,1:15,,https://rcdb.com/20275.htm
54,0ae182ac91d2ae0033b73b7c33a63674,Journey to Atlantis,SeaWorld San Diego,San Diego,California,United States,SBNO,2024-11,Steel,Sit Down,Thrill,Mack Rides GmbH & Co KG,Water Coaster,,95,60,42,0,,5:00,3,https://rcdb.com/2079.htm
55,6f113a9c92ad71528bd8e74e59d19a78,Tidal Twister,SeaWorld San Diego,San Diego,California,United States,Operated,2019-05-24,Steel,Sit Down,Extreme,Skyline Attractions,Skywarp,320,22,,30,1,,,,https://rcdb.com/16772.htm
56,51a48621de8ba1d279b91d5af226575a,Roadrunner Express,Six Flags Discovery Kingdom,Vallejo,California,United States,Operating,1999,Steel,Sit Down,Family,Zamperla,Family Coaster,262.5,13,,,0,,,,https://rcdb.com/572.htm
57,3bed8a01ea110a115d84f9006c68d8fe,Medusa,Six Flags Discovery Kingdom,Vallejo,California,United States,Operating,2000-03-18,Steel,Sit Down,Extreme,Bolliger & Mabillard,Floorless Coaster,3937,150,150,65,7,,3:15,4.5,https://rcdb.com/617.htm
58,91b1b9a06b05ff13403189c7a79131c0,Cobra,Six Flags Discovery Kingdom,Vallejo,California,United States,Operating,2000,Steel,Sit Down,Family,Zierer,Tivoli,1181.1,26.3,,22.4,0,,,,https://rcdb.com/691.htm
59,ec23a0a14cb4773c25c7fdc71569821b,Kong,Six Flags Discovery Kingdom,Vallejo,California,United States,Operating,1998-05,Steel,Inverted,Extreme,Vekoma,SLC,2260.5,109.3,,49.7,5,,1:36,,https://rcdb.com/163.htm
60,2e5401010add3925ea292a4b1ee8a438,Boomerang,Six Flags Discovery Kingdom,Vallejo,California,United States,Operating,1998-03-27,Steel,Sit Down,Extreme,Vekoma,Other,935,116.5,,47,3,,1:48,5.2,https://rcdb.com/357.htm
61,4d43c6eb3ef497c10c0c3eaf5e788366,Superman Ultimate Flight,Six Flags Discovery Kingdom,Vallejo,California,United States,Operating,2012-06-30,Steel,Sit Down,Extreme,Premier Rides,Sky Rocket,863,150,,62,1,,,,https://rcdb.com/10139.htm
62,dc5b09608a1ce7ac0f6fe98e2aa1ac6c,Joker,Six Flags Discovery Kingdom,Vallejo,California,United States,Operating,2016-05-30,Steel,Sit Down,Extreme,Rocky Mountain Construction,IBox Track,3200,100,,53,3,78,,,https://rcdb.com/13422.htm
63,0d24a1a36e56ea13ff485e5e342ae27a,Batman The Ride,Six Flags Discovery Kingdom,Vallejo,California,United States,Operating,2019-05-25,Steel,Wing,Extreme,S&S Worldwide,4D Free Spin,1019,120,55,38,0,,,,https://rcdb.com/16587.htm
64,9acbebf84c68c625990f724b9b7cd191,Flash: Vertical Velocity,Six Flags Discovery Kingdom,Vallejo,California,United States,SBNO,2024-01,Steel,Inverted,Extreme,Intamin Amusement Rides,Impulse Coaster,630,150,,65,1,90,,,https://rcdb.com/1143.htm
65,02019cde0862ffa847615395c754aad9,Pandemonium,Six Flags Discovery Kingdom,Vallejo,California,United States,Operated,2008-05-23,Steel,Sit Down,Thrill,Gerstlauer Amusement Rides GmbH,Spinning Coaster,1351,53,27,31,0,,1:51,,https://rcdb.com/4044.htm
66,5819cf30c9dbafc8f967a9be54affdb7,Harley Quinn Crazy Coaster,Six Flags Discovery Kingdom,Vallejo,California,United States,Operated,2018-08-03,Steel,Sit Down,Extreme,Skyline Attractions,Skywarp,360,62,,35,2,,,,https://rcdb.com/15674.htm
67,c21279bd9b7c1721d8e9510ee9a34e15,Roar,Six Flags Discovery Kingdom,Vallejo,California,United States,Operated,1999-05-14,Wood,Sit Down,Extreme,Great Coasters International,Wooden Coasters,3291,94.6,85,50.5,0,,,,https://rcdb.com/543.htm
68,912290b9091990ef0fb4122d2b8f93f9,Ninja,Six Flags Magic Mountain,Valencia,California,United States,Operating,1988-05-21,Steel,Suspended,Thrill,Arrow Dynamics,Suspended Coaster,2700,60,,55,0,,1:30,,https://rcdb.com/129.htm
69,9db77c8a318bf0b7324a8fbd66e3bcc9,New Revolution,Six Flags Magic Mountain,Valencia,California,United States,Operating,1976-05-08,Steel,Sit Down,Extreme,Schwarzkopf,,3457,113,,55,1,,2:12,4.9,https://rcdb.com/130.htm
70,da65c0db9aaba65f4d0cd6b25c21b13e,Batman The Ride,Six Flags Magic Mountain,Valencia,California,United States,Operating,1994-03-26,Steel,Inverted,Extreme,Bolliger & Mabillard,Inverted Coaster,2700,105,,50,5,,2:00,4,https://rcdb.com/24.htm
71,671ff1efa7fc5eafa62a3f65edb7429c,Viper,Six Flags Magic Mountain,Valencia,California,United States,Operating,1990-04-07,Steel,Sit Down,Extreme,Arrow Dynamics,Custom Looping Coaster,3830,188,171,70,7,,2:30,,https://rcdb.com/25.htm
72,5156e80afc2926efa3c3144c3cffd6fc,Gold Rusher,Six Flags Magic Mountain,Valencia,California,United States,Operating,1971-05-29,Steel,Sit Down,Thrill,Arrow Dynamics,Mine Train,2590,70,,35,0,,2:30,,https://rcdb.com/266.htm
73,fccfb91bdb717c26a3c4b7ed065e1a88,Riddler's Revenge,Six Flags Magic Mountain,Valencia,California,United States,Operating,1998-04-04,Steel,Stand Up,Extreme,Bolliger & Mabillard,Stand-Up Coaster,4370,156,146,65,6,,3:00,4.2,https://rcdb.com/470.htm
74,bb957685a3e131d0b6d4cff8a99a6c9e,Canyon Blaster,Six Flags Magic Mountain,Valencia,California,United States,Operating,1999,Steel,Sit Down,Family,E&F Miler Industries,Family Coaster,416,16,,,0,,,,https://rcdb.com/576.htm
75,7d8c17e894bbf05e26f8966fab7f7afe,Goliath,Six Flags Magic Mountain,Valencia,California,United States,Operating,2000-02-11,Steel,Sit Down,Extreme,Giovanola,Mega Coaster,4500,235,255,85,0,61,3:00,,https://rcdb.com/615.htm
76,7c6a2bc09ff07091a97e9f411f739642,X2,Six Flags Magic Mountain,Valencia,California,United States,Operating,2002-01-12,Steel,Wing,Extreme,Arrow Dynamics,4th Dimension,3610,175,215,76,2,88.5,,4,https://rcdb.com/750.htm
77,98d54fbcd4b896f60946a81079c62f0c,Scream!,Six Flags Magic Mountain,Valencia,California,United States,Operating,2003-04-12,Steel,Sit Down,Extreme,Bolliger & Mabillard,Floorless Coaster,3985,150,141,63,7,,3:00,,https://rcdb.com/2169.htm
78,ee0608f00f2a3f96354a7bc60b1d6718,Tatsu,Six Flags Magic Mountain,Valencia,California,United States,Operating,2006-05-13,Steel,Flying,Extreme,Bolliger & Mabillard,Flying Coaster,3602,170,111,62,4,,,,https://rcdb.com/3305.htm
79,e310f00a3ae2dfae5aff557c911c118b,Apocalypse the Ride,Six Flags Magic Mountain,Valencia,California,United States,Operating,2009-05-23,Wood,Sit Down,Extreme,Great Coasters International,Wooden Coasters,2877,95,87.3,50.1,0,,3:00,,https://rcdb.com/4173.htm
80,81b5a28b8a0dca79d60500de160b3b13,Road Runner Express,Six Flags Magic Mountain,Valencia,California,United States,Operating,2011-05-28,Steel,Sit Down,Family,Vekoma,Junior Coaster,679.1,27.9,,21.7,0,,0:44,,https://rcdb.com/4346.htm
81,a9c12a73da60bdd18c62a0661afbbfc5,Speedy Gonzales Hot Rod Racers,Six Flags Magic Mountain,Valencia,California,United States,Operating,2014-06-25,Steel,Sit Down,Family,Zamperla,Family Coaster,262.5,13.1,,,0,,,,https://rcdb.com/9971.htm
82,8f756d74195cd4d053293d20b660af79,Full Throttle,Six Flags Magic Mountain,Valencia,California,United States,Operating,2013-06-22,Steel,Sit Down,Extreme,Premier Rides,Sky Rocket,2200,164,,70,2,,1:30,,https://rcdb.com/10948.htm
83,fe8932b24a7453581b418770085b36ff,Twisted Colossus,Six Flags Magic Mountain,Valencia,California,United States,Operating,2015-05-23,Steel,Sit Down,Extreme,Rocky Mountain Construction,IBox Track,4990,121,128,57,2,80,3:40,,https://rcdb.com/12282.htm
84,8a1a01f13bde57bfa13de69f8bdbb68f,West Coast Racers,Six Flags Magic Mountain,Valencia,California,United States,Operating,2020-01-09,Steel,Sit Down,Extreme,Premier Rides,,4000,67,,55,4,,3:00,,https://rcdb.com/16588.htm
85,7dee04817aef99554a518b577ecbaa7d,Wonder Woman Flight of Courage,Six Flags Magic Mountain,Valencia,California,United States,Operating,2022-07-16,Steel,Sit Down,Extreme,Rocky Mountain Construction,Raptor Track,3300,131,,58,3,,,,https://rcdb.com/19515.htm
86,1015b54a5a4bd92a9ad52f770c25a3c9,Superman: Escape from Krypton,Six Flags Magic Mountain,Valencia,California,United States,SBNO,2024-09-02,Steel,Sit Down,Extreme,Intamin Amusement Rides,Other,1235,415,328.1,100,0,90,0:28,4.5,https://rcdb.com/140.htm
87,cdb6e65c26e1ef59c595e422d67ccf08,Green Lantern: First Flight,Six Flags Magic Mountain,Valencia,California,United States,Operated,2011-07-01,Steel,Wing,Extreme,Intamin Amusement Rides,Zac Spin,810.4,105,,34.2,0,,,,https://rcdb.com/9519.htm
88,69428dfabf8d91af0a10673a02dfc34b,Colossus,Six Flags Magic Mountain,Valencia,California,United States,Operated,1978-06-29,Wood,Sit Down,Extreme,"International Amusement Devices, Inc.",,4325,125,115,62,0,,2:30,3.2,https://rcdb.com/26.htm
89,115e76ec0f76a42156a54fbf76df8c36,Revenge of the Mummy the Ride,Universal Studios Hollywood,Universal City,California,United States,Operating,2004-06-25,Steel,Sit Down,Extreme,Premier Rides,,1906,44.4,,40,0,50,2:00,,https://rcdb.com/2464.htm
90,a683af58b0d1632b390765aa0e9c5cae,Desert Storm,Castles n' Coasters,Phoenix,Arizona,United States,Operating,1992,Steel,Sit Down,Extreme,Hopkins,,,,,,2,,,,https://rcdb.com/350.htm
91,36dc5f2a16a95e8bd98f295496093870,Patriot,Castles n' Coasters,Phoenix,Arizona,United States,Operating,1992,Steel,Sit Down,Family,Hopkins,,,,,,0,,,,https://rcdb.com/351.htm
92,6e66d92d96d874c0662dffa5ccf8273e,Alpine Coaster,Glenwood Caverns Adventure Park,Glenwood Springs,Colorado,United States,Operating,2005,Steel,Sit Down,Thrill,Wiegand,Alpine Coaster,3198.8,,,,0,,,,https://rcdb.com/13306.htm
93,dfd976c9affe5265df2b149d83bc2be6,Montu,Busch Gardens Tampa,Tampa,Florida,United States,Operating,1996-05-16,Steel,Inverted,Extreme,Bolliger & Mabillard,Inverted Coaster,3983,150,128,60,7,50,3:00,3.8,https://rcdb.com/87.htm
94,a9102e33d2b221420f9a7474e6c5c768,Kumba,Busch Gardens Tampa,Tampa,Florida,United States,Operating,1993-04-20,Steel,Sit Down,Extreme,Bolliger & Mabillard,Sitting Coaster,3978,143,135,60,7,,2:54,3.8,https://rcdb.com/94.htm
95,f72e1d06481f314ce36089db79919f74,SheiKra,Busch Gardens Tampa,Tampa,Florida,United States,Operating,2005-05-21,Steel,Sit Down,Extreme,Bolliger & Mabillard,Dive Coaster,3188,200,,70,1,90,2:20,,https://rcdb.com/2662.htm
96,f6a5c588a59cf17ee9da901dff370110,Air Grover,Busch Gardens Tampa,Tampa,Florida,United States,Operating,2010-03-27,Steel,Sit Down,Family,Zierer,Force,,,,,0,,,,https://rcdb.com/8632.htm
97,58cc3ed087dad68e3cf11ea338d2ab99,Cheetah Hunt,Busch Gardens Tampa,Tampa,Florida,United States,Operating,2011-05-27,Steel,Sit Down,Extreme,Intamin Amusement Rides,LSM Launch Coaster,4429,102,130,60,1,,,4,https://rcdb.com/9456.htm
98,632b624bd95cafe762f2c3d94e704c58,Cobra's Curse,Busch Gardens Tampa,Tampa,Florida,United States,Operating,2016-06-17,Steel,Sit Down,Thrill,Mack Rides GmbH & Co KG,Spinning Coaster,2100,70,,40,0,,,,https://rcdb.com/12781.htm
99,731d174d724f63319a0caefd3b2bde1d,Tigris,Busch Gardens Tampa,Tampa,Florida,United States,Operating,2019-04-19,Steel,Sit Down,Extreme,Premier Rides,Sky Rocket,863,150,,62,1,,,,https://rcdb.com/16607.htm
100,57e1ed851d55bbb16df5f199c9230d10,Iron Gwazi,Busch Gardens Tampa,Tampa,Florida,United States,Operating,2022-03-11,Steel,Sit Down,Extreme,Rocky Mountain Construction,IBox Track,4075,206,206,76,2,91,1:50,,https://rcdb.com/16985.htm
101,9a8118bdf1a241ec3fca66f1b3ba2a9a,Scorpion,Busch Gardens Tampa,Tampa,Florida,United States,Operated,1980-05-16,Steel,Sit Down,Extreme,Schwarzkopf,Silverarrow,1817.6,60.7,,41,1,,1:30,3.5,https://rcdb.com/95.htm
102,7e3002a492900d9158c55c0cf7f050a1,SandSerpent,Busch Gardens Tampa,Tampa,Florida,United States,Operated,2004-02,Steel,Sit Down,Thrill,Mack Rides GmbH & Co KG,Wilde Maus,1213.9,45.9,,28,0,,1:50,,https://rcdb.com/2595.htm
103,8cca82f98358007966b26b46912079ce,Kraken,SeaWorld Orlando,Orlando,Florida,United States,Operating,2000-06-01,Steel,Sit Down,Extreme,Bolliger & Mabillard,Floorless Coaster,4177,149,144,65,7,,2:02,,https://rcdb.com/581.htm
104,4db4cd57a27ccf3808bcf822100d682f,Journey to Atlantis,SeaWorld Orlando,Orlando,Florida,United States,Operating,1998-04-17,Steel,Sit Down,Thrill,Mack Rides GmbH & Co KG,Water Coaster,1800,,,40,0,,5:54,,https://rcdb.com/1904.htm
105,45b89624c89c8e7e13d0b8054481f3ec,Manta,SeaWorld Orlando,Orlando,Florida,United States,Operating,2009-05-22,Steel,Flying,Extreme,Bolliger & Mabillard,Flying Coaster,3359,140,113,56,4,,2:35,,https://rcdb.com/4190.htm
106,b00f1db8d793bbecea09b033ffc7014e,Mako,SeaWorld Orlando,Orlando,Florida,United States,Operating,2016-06-10,Steel,Sit Down,Extreme,Bolliger & Mabillard,Hyper Coaster,4760,200,200,73,0,,,,https://rcdb.com/12758.htm
107,9ef6a670c49315725dc28b982865db87,Ice Breaker,SeaWorld Orlando,Orlando,Florida,United States,Operating,2022-02-18,Steel,Sit Down,Thrill,Premier Rides,Sky Rocket,1900,93,,52,0,100,,,https://rcdb.com/17420.htm
108,b506a1a54768fb19322e20aa454f9389,Pipeline the Surf Coaster,SeaWorld Orlando,Orlando,Florida,United States,Operating,2023-05-27,Steel,Stand Up,Extreme,Bolliger & Mabillard,Surf Coaster,2950,110,,60,1,,1:50,,https://rcdb.com/20042.htm
109,43505ecec50c379463c5f65682467656,Revenge of the Mummy,Universal Studios Florida,Orlando,Florida,United States,Operating,2004-05-21,Steel,Sit Down,Extreme,Premier Rides,,2200,44.4,,40,0,50,2:57,,https://rcdb.com/2232.htm
110,bcbb0b52cad9080dcab92c762a5aac9d,"Hollywood Rip, Ride, Rockit",Universal Studios Florida,Orlando,Florida,United States,Operating,2009,Steel,Sit Down,Extreme,Maurer Rides GmbH,X-Car,3800,167,,65,0,,,,https://rcdb.com/3866.htm
111,e6833dd2e667c4b935c40f5fe3398f5e,Harry Potter and the Escape from Gringotts,Universal Studios Florida,Orlando,Florida,United States,Operating,2014-07-08,Steel,Sit Down,Thrill,Intamin Amusement Rides,,,,,,0,,,,https://rcdb.com/11887.htm
112,57f866a86bb79d2e1288838393ecfd34,Flight of the Hippogriff,Universal Studios Islands of Adventure,Orlando,Florida,United States,Operating,2000-06-29,Steel,Sit Down,Family,Vekoma,Junior Coaster,1099.1,42.7,,28.5,0,,1:06,,https://rcdb.com/703.htm
113,7b1330668a76636eee864b1c98346b3f,VelociCoaster,Universal Studios Islands of Adventure,Orlando,Florida,United States,Operating,2021-06-10,Steel,Sit Down,Extreme,Intamin Amusement Rides,LSM Launch Coaster,4700,155,,70,4,80,,,https://rcdb.com/6992.htm
114,744b95896f1d5cfa93523f73ea5eb68c,Hagrid's Magical Creatures Motorbike Adventure,Universal Studios Islands of Adventure,Orlando,Florida,United States,Operating,2019-06-13,Steel,Sit Down,Thrill,Intamin Amusement Rides,,5053,65,,50,0,,,,https://rcdb.com/15330.htm
115,110a13a9860ab0caea5ddf75ce495473,Incredible Hulk,Universal Studios Islands of Adventure,Orlando,Florida,United States,Operating,1999-05-28,Steel,Sit Down,Extreme,Bolliger & Mabillard,Sitting Coaster,3700,110,104.9,67,7,,2:15,4,https://rcdb.com/557.htm
116,38111ef88f4b84bcb2ebc833379eb81e,Expedition Everest,Walt Disney World - Disney's Animal Kingdom,Lake Buena Vista,Florida,United States,Operating,2006-04-07,Steel,Sit Down,Extreme,Vekoma,Other,3884.5,112,80,50,0,,2:50,,https://rcdb.com/2389.htm
117,49266825566860c8b2aa3f9cb8e84ec4,Primeval Whirl,Walt Disney World - Disney's Animal Kingdom,Lake Buena Vista,Florida,United States,Operated,2002-03-31,Steel,Sit Down,Thrill,Reverchon,Spinning Coaster,1377.9,42.7,,29.1,0,,1:30,2.5,https://rcdb.com/1566.htm
118,49266825566860c8b2aa3f9cb8e84ec4,Primeval Whirl,Walt Disney World - Disney's Animal Kingdom,Lake Buena Vista,Florida,United States,Operated,2002-03-31,Steel,Sit Down,Thrill,Reverchon,Spinning Coaster,1377.9,42.7,,29.1,0,,1:30,2.5,https://rcdb.com/1868.htm
119,05886c9d41da1a9e5fd686edc27bf8d4,Rock 'n' Roller Coaster,Walt Disney World - Disney's Hollywood Studios,Lake Buena Vista,Florida,United States,Operating,1999-07-29,Steel,Sit Down,Extreme,Vekoma,LSM Coaster,3267.7,80,,57,3,,1:22,5,https://rcdb.com/560.htm
120,4ff6c80454f39b747e76a6207017f9e2,Thunderation,Silver Dollar City,Branson,Missouri,United States,Operating,1993-04-10,Steel,Sit Down,Thrill,Arrow Dynamics,Mine Train,3022,81,,48,0,,2:10,,https://rcdb.com/220.htm
121,9ad01bd97912afffb80376e29902edd5,Wildfire,Silver Dollar City,Branson,Missouri,United States,Operating,2001-04-04,Steel,Sit Down,Extreme,Bolliger & Mabillard,Sitting Coaster,3073,120,155,66,5,,2:16,,https://rcdb.com/720.htm
122,f82e0176775a85a431eaff84450409a2,Powder Keg: A Blast in the Wilderness,Silver Dollar City,Branson,Missouri,United States,Operating,1999,Steel,Sit Down,Extreme,Premier Rides,Liquid Coaster,3506,98,110,64,0,,2:53,3.9,https://rcdb.com/1903.htm
123,ea0cccb1bf2b2696ad3e97f980ee1405,Outlaw Run,Silver Dollar City,Branson,Missouri,United States,Operating,2013-03-15,Wood,Sit Down,Extreme,Rocky Mountain Construction,Topper Track,2937,107,162,68,3,81,1:27,,https://rcdb.com/10582.htm
124,3c5a4ba92592b03a87027499b39b2194,Time Traveler,Silver Dollar City,Branson,Missouri,United States,Operating,2018-03-14,Steel,Sit Down,Extreme,Mack Rides GmbH & Co KG,Xtreme Spinning Coaster,3020,100,90,50.3,3,90,1:57,,https://rcdb.com/15168.htm
125,e87a0eaca371edb759005beb4a15ed89,Fire In The Hole,Silver Dollar City,Branson,Missouri,United States,Operating,2024-03-30,Steel,Sit Down,Family,Rocky Mountain Construction,,1512,,,26,0,,2:51,,https://rcdb.com/21093.htm
126,e87a0eaca371edb759005beb4a15ed89,Fire In The Hole,Silver Dollar City,Branson,Missouri,United States,Operated,1972,Steel,Sit Down,Family,,,1520,,,,0,,,,https://rcdb.com/1455.htm
127,0cfa8b10d9af5c379eb4d34d963f8847,Shredder,Nickelodeon Universe Theme Park,East Rutherford,New Jersey,United States,Operating,2019-11-02,Steel,Sit Down,Thrill,Gerstlauer Amusement Rides GmbH,Spinning Coaster,2247,85,,36,0,,,,https://rcdb.com/15600.htm
128,0abad9d3ca41e50a80a198a4a50136aa,Nickelodeon Slime Streak,Nickelodeon Universe Theme Park,East Rutherford,New Jersey,United States,Operating,2019-10-25,Steel,Sit Down,Family,Chance Rides,Big Dipper,1263,70,,37,0,,1:10,2.5,https://rcdb.com/16775.htm
129,33b7656d2e8def50c7e3e6960a5cba56,Sandy’s Blasting Bronco,Nickelodeon Universe Theme Park,East Rutherford,New Jersey,United States,Operating,2020-10-01,Steel,Sit Down,Extreme,Intamin Amusement Rides,Other,1607.6,85.3,,47.8,4,,,,https://rcdb.com/16793.htm
130,bfe2ebe3f8a240acf6ef7550c2d36457,TMNT Shellraiser,Nickelodeon Universe Theme Park,East Rutherford,New Jersey,United States,SBNO,2024-01-09,Steel,Sit Down,Extreme,Gerstlauer Amusement Rides GmbH,Euro-Fighter,3280.8,141,,62.1,7,121.5,,,https://rcdb.com/15594.htm
131,0168d0280c1fa43b20085e5c513cf3ab,Joker,Six Flags Great Adventure,Jackson,New Jersey,United States,Operating,2016-05-28,Steel,Wing,Extreme,S&S Worldwide,4D Free Spin,1019,120,54,38,0,,,,https://rcdb.com/13421.htm
132,0805b7dded1b0c0d9d96de84ca2ff235,Jersey Devil Coaster,Six Flags Great Adventure,Jackson,New Jersey,United States,Operating,2021-06-13,Steel,Sit Down,Extreme,Rocky Mountain Construction,Raptor Track,3000,130,,58,3,87,,,https://rcdb.com/17658.htm
133,0fcdef306206cb086d4fc6b3b2ff4284,El Toro,Six Flags Great Adventure,Jackson,New Jersey,United States,Operating,2006-06-12,Wood,Sit Down,Extreme,Intamin Amusement Rides,Other,4400,181,176,70,0,76,1:42,,https://rcdb.com/3183.htm
134,5257181291e12f0d44bd9ce309f03584,Dark Knight,Six Flags Great Adventure,Jackson,New Jersey,United States,Operating,2008-05-15,Steel,Sit Down,Thrill,Mack Rides GmbH & Co KG,Wilde Maus,1213,,,,0,,2:00,,https://rcdb.com/4047.htm
135,8cf79cdc391f3f4d61852baf32cfc113,Batman The Ride,Six Flags Great Adventure,Jackson,New Jersey,United States,Operating,1993-05-01,Steel,Inverted,Extreme,Bolliger & Mabillard,Inverted Coaster,2693,105,,50,5,,1:30,,https://rcdb.com/32.htm
136,ed3a00c79f2a293cbdb1f6a6a039c28e,Skull Mountain,Six Flags Great Adventure,Jackson,New Jersey,United States,Operating,1996-06-03,Steel,Sit Down,Family,Intamin Amusement Rides,Other,1377,40.5,37,33,0,,1:24,,https://rcdb.com/35.htm
137,cbdc91c3b2f25aeba4bb5d0479824c11,Runaway Mine Train,Six Flags Great Adventure,Jackson,New Jersey,United States,Operating,1974-07-04,Steel,Sit Down,Thrill,Arrow Dynamics,Mine Train,,60,39,38,0,,2:00,,https://rcdb.com/131.htm
138,6f9b9fe2565d81a3df9127d24501cd08,Medusa,Six Flags Great Adventure,Jackson,New Jersey,United States,Operating,1999-04-02,Steel,Sit Down,Extreme,Bolliger & Mabillard,Floorless Coaster,3985,142,132,61,7,,2:20,,https://rcdb.com/502.htm
139,fce5f7dc8c8ef87596545125a116efc5,Nitro,Six Flags Great Adventure,Jackson,New Jersey,United States,Operating,2001-04-07,Steel,Sit Down,Extreme,Bolliger & Mabillard,Hyper Coaster,5394,230,215,80,0,,2:20,,https://rcdb.com/1106.htm
140,4f828841e8f3456f5e92c776fb2d9b10,Kingda Ka,Six Flags Great Adventure,Jackson,New Jersey,United States,Operated,2005-05-21,Steel,Sit Down,Extreme,Intamin Amusement Rides,Other,3118,456,418,128,0,90,0:28,,https://rcdb.com/2832.htm
141,ff5822be7b25c5720ae0d392c9154621,Iron Dragon,Cedar Point,Sandusky,Ohio,United States,Operating,1987-06-11,Steel,Suspended,Thrill,Arrow Dynamics,Suspended Coaster,2800,76,,40,0,,2:00,,https://rcdb.com/17.htm
142,35afcb2533a5d6125b4a239e09834b4f,Cedar Creek Mine Ride,Cedar Point,Sandusky,Ohio,United States,Operating,1969-05-24,Steel,Sit Down,Thrill,Arrow Dynamics,Mine Train,2540,48,,42,0,,2:42,,https://rcdb.com/18.htm
143,93b139734a42bcde468df73e27c87770,Maverick,Cedar Point,Sandusky,Ohio,United States,Operating,2007-05-26,Steel,Sit Down,Extreme,Intamin Amusement Rides,LSM Launch Coaster,4450,105,100,70,2,95,2:30,,https://rcdb.com/3570.htm
144,3a5602c715b0179e39b32f06aab9bbe4,GateKeeper,Cedar Point,Sandusky,Ohio,United States,Operating,2013-05-11,Steel,Wing,Extreme,Bolliger & Mabillard,Wing Coaster,4164,170,164,67,6,,2:40,,https://rcdb.com/10891.htm
145,0672c801d2ee5e37da31fd30538c6f42,Valravn,Cedar Point,Sandusky,Ohio,United States,Operating,2016-05-07,Steel,Sit Down,Extreme,Bolliger & Mabillard,Dive Coaster,3415,223,214,75,3,90,,,https://rcdb.com/13383.htm
146,3b7fc26efecf616b085bece39071473f,Steel Vengeance,Cedar Point,Sandusky,Ohio,United States,Operating,2018-05-05,Steel,Sit Down,Extreme,Rocky Mountain Construction,IBox Track,5740,205,200,74,4,90,2:30,,https://rcdb.com/15411.htm
147,fab0e8f23c8cd98a3821baf1b7611702,Raptor,Cedar Point,Sandusky,Ohio,United States,Operating,1994-05-07,Steel,Inverted,Extreme,Bolliger & Mabillard,Inverted Coaster,3790,137,119,57,6,45,2:16,,https://rcdb.com/1.htm
148,a98543f6c2cd4f74f3941c013a8747ca,Rougarou,Cedar Point,Sandusky,Ohio,United States,Operating,1996-05-11,Steel,Sit Down,Extreme,Bolliger & Mabillard,Stand-Up Coaster,3900,145,137,60,4,52,2:40,,https://rcdb.com/7.htm
149,fb7d8b62ad869f4e79f1809e673427cb,Magnum XL-200,Cedar Point,Sandusky,Ohio,United States,Operating,1989-05-06,Steel,Sit Down,Extreme,Arrow Dynamics,Hyper Coaster,5106,205,194.7,72,0,60,2:00,,https://rcdb.com/11.htm
150,0e32dd054c6880fa5706bf9161e915dc,Blue Streak,Cedar Point,Sandusky,Ohio,United States,Operating,1964-05-23,Wood,Sit Down,Thrill,"Philadelphia Toboggan Coasters, Inc.",,2558,78,72,40,0,45,1:45,,https://rcdb.com/12.htm
151,63bf0f87396484849537e29bc1664d21,Corkscrew,Cedar Point,Sandusky,Ohio,United States,Operating,1976-05-15,Steel,Sit Down,Extreme,Arrow Dynamics,Custom Looping Coaster,2050,85,,48,3,,2:00,,https://rcdb.com/13.htm
152,ef66be5d13d61daac942f91511fb1afb,Gemini,Cedar Point,Sandusky,Ohio,United States,Operating,1978-06,Steel,Sit Down,Thrill,Arrow Dynamics,Special Coaster Systems,3935,125.3,118,60,0,55,2:20,,https://rcdb.com/14.htm
153,50bd551f07464429565794a07afcccf9,Millennium Force,Cedar Point,Sandusky,Ohio,United States,Operating,2000-05-13,Steel,Sit Down,Extreme,Intamin Amusement Rides,Other,6595,310,300,93,0,80,2:20,,https://rcdb.com/594.htm
154,7c130cfeb7126b0f225c35ea7daac542,Top Thrill 2,Cedar Point,Sandusky,Ohio,United States,SBNO,2024-05-11,Steel,Sit Down,Extreme,Intamin Amusement Rides,Other,2800,420,400,120,0,90,0:30,,https://rcdb.com/1896.htm
155,53364bacf20ead726f2489e9d4e54f95,Wicked Twister,Cedar Point,Sandusky,Ohio,United States,Operated,2002-05-05,Steel,Inverted,Extreme,Intamin Amusement Rides,Impulse Coaster,689,216.5,206,72.1,0,90,,,https://rcdb.com/1571.htm
156,a3b61b2845972a9be5de27f4f9db73a2,Flight of Fear,Kings Island,Mason,Ohio,United States,Operating,1996,Steel,Sit Down,Extreme,Premier Rides,LIM Coaster,2705,74.2,,54,4,,1:00,4.5,https://rcdb.com/66.htm
157,4fb5c3ab732fcff18949ea94425d0e21,Beast,Kings Island,Mason,Ohio,United States,Operating,1979-04-14,Wood,Sit Down,Extreme,,,7361,110,141,64.8,0,,4:10,,https://rcdb.com/67.htm
158,7a5771644d81b175d9a21bcdf2b96ff5,Racer,Kings Island,Mason,Ohio,United States,Operating,1972-04-29,Wood,Sit Down,Extreme,"Philadelphia Toboggan Coasters, Inc.",,3415,88,,53,0,45,2:00,,https://rcdb.com/69.htm
159,cbfc2a3689d27cd8836a81399b9feb92,Adventure Express,Kings Island,Mason,Ohio,United States,Operating,1991-04-13,Steel,Sit Down,Thrill,Arrow Dynamics,Mine Train,2963,63,,35,0,,2:20,,https://rcdb.com/70.htm
160,7c73e9fd67371ba3a8d5c26604d37c70,Bat,Kings Island,Mason,Ohio,United States,Operating,1993-04-09,Steel,Suspended,Thrill,Arrow Dynamics,Suspended Coaster,2352,78,,51,0,,1:52,,https://rcdb.com/73.htm
161,3e7de1d66945fac465bc47e4e4d1e5fe,Invertigo,Kings Island,Mason,Ohio,United States,Operating,1999-04-17,Steel,Inverted,Extreme,Vekoma,Other,1013.8,131.3,,50,3,,1:30,5,https://rcdb.com/530.htm
162,1ad57d1ab37904052eda2b4fd256340c,Diamondback,Kings Island,Mason,Ohio,United States,Operating,2009-04-18,Steel,Sit Down,Extreme,Bolliger & Mabillard,Hyper Coaster,5282,230,215,80,0,74,3:00,,https://rcdb.com/4253.htm
163,668a95b7893d99491abf61eab2765a5b,Banshee,Kings Island,Mason,Ohio,United States,Operating,2014-04-18,Steel,Inverted,Extreme,Bolliger & Mabillard,Inverted Coaster,4124,167,150,68,7,,2:40,,https://rcdb.com/6640.htm
164,309243aa1acdcd9849de1f84befa3f68,Mystic Timbers,Kings Island,Mason,Ohio,United States,Operating,2017-04-15,Wood,Sit Down,Extreme,Great Coasters International,Wooden Coasters,3265,109.2,,53,0,,,,https://rcdb.com/14116.htm
165,f64d2754fc5fcb2a0a745272a11ecefc,Woodstock’s Air Rail,Kings Island,Mason,Ohio,United States,Operating,2001,Steel,Inverted,Family,Vekoma,Suspended Family Coaster,1122,48.6,,26,0,,1:30,2.2,https://rcdb.com/1037.htm
166,ea010612cc5bcef364e97fad5632245a,Backlot Stunt Coaster,Kings Island,Mason,Ohio,United States,Operating,2005-05-20,Steel,Sit Down,Thrill,Premier Rides,,1960,45.2,31.2,40,0,,1:04,,https://rcdb.com/2860.htm
167,81d593b461249bf889928fe5ed10ea8a,Firehawk,Kings Island,Mason,Ohio,United States,Operated,2007-05-26,Steel,Flying,Extreme,Vekoma,Flying Coaster,3339.9,115,,50,5,,2:10,4.3,https://rcdb.com/3793.htm
168,7c73e9fd67371ba3a8d5c26604d37c70,Bat,Kings Island,Mason,Ohio,United States,Operated,1981-04-26,Steel,Suspended,Thrill,Arrow Dynamics,Suspended Coaster,2456,100,,34,0,,,,https://rcdb.com/627.htm
169,ece3d6839092b3d1ebb28c3f01d0b5a2,Vortex,Kings Island,Mason,Ohio,United States,Operated,1987-04-11,Steel,Sit Down,Extreme,Arrow Dynamics,Custom Looping Coaster,3800,148,138,55,6,55,2:30,,https://rcdb.com/71.htm
170,b0d7f89ef8c2adc7040aefb7779853fb,Comet,Hersheypark,Hershey,Pennsylvania,United States,Operating,1946-05-30,Wood,Sit Down,Extreme,"Philadelphia Toboggan Coasters, Inc.",,3360,84,78,50,0,,1:45,,https://rcdb.com/106.htm
171,4dc3eaac88af782f86b9d615c0883858,Sooperdooperlooper,Hersheypark,Hershey,Pennsylvania,United States,Operating,1977-05-08,Steel,Sit Down,Extreme,Schwarzkopf,,2614,,75,,1,,1:45,,https://rcdb.com/108.htm
172,7a7ab5a1a405f5db0bd7955bca351e89,Great Bear,Hersheypark,Hershey,Pennsylvania,United States,Operating,1998-05-23,Steel,Inverted,Extreme,Bolliger & Mabillard,Inverted Coaster,2800,90,124,58,4,,2:55,,https://rcdb.com/468.htm
173,89b2d84f1b67febd6607915d803e6b9b,Lightning Racer,Hersheypark,Hershey,Pennsylvania,United States,Operating,2000-05-13,Wood,Sit Down,Extreme,Great Coasters International,Wooden Coasters,3393,91.6,90,51.1,0,,2:20,3.6,https://rcdb.com/597.htm
174,db7f2d777390c5489bdbfeeeb200263c,Fahrenheit,Hersheypark,Hershey,Pennsylvania,United States,Operating,2008-05-24,Steel,Sit Down,Extreme,Intamin Amusement Rides,Other,2700,121,,58,6,97,1:25,,https://rcdb.com/4049.htm
175,538afd5830d117fed0724cabe7dc8c36,Skyrush,Hersheypark,Hershey,Pennsylvania,United States,Operating,2012-05-26,Steel,Sit Down,Extreme,Intamin Amusement Rides,Wing Coaster,3600,200,,75,0,85,,,https://rcdb.com/10089.htm
176,e296f548871cb5b094561afd4f69dce2,Laff Trakk,Hersheypark,Hershey,Pennsylvania,United States,Operating,2015-05-23,Steel,Sit Down,Thrill,Maurer Rides GmbH,Spinning Coaster,1400,,,40,0,,,,https://rcdb.com/12270.htm
177,01bf6b6ecc4b82cce6802d32bdc8cd5e,Candymonium,Hersheypark,Hershey,Pennsylvania,United States,Operating,2020-07-03,Steel,Sit Down,Extreme,Bolliger & Mabillard,Hyper Coaster,4636,210,,76,0,77.3,2:26,,https://rcdb.com/16682.htm
178,2732f58d2ccaa7814f891d82e5703003,Wildcat's Revenge,Hersheypark,Hershey,Pennsylvania,United States,Operating,2023-06-02,Steel,Sit Down,Extreme,Rocky Mountain Construction,IBox Track,3510,140,,62,4,82,2:36,,https://rcdb.com/20462.htm
179,36b993fc8ecd732798892f8fa56f330c,Storm Runner,Hersheypark,Hershey,Pennsylvania,United States,Operating,2004-05-08,Steel,Sit Down,Extreme,Intamin Amusement Rides,Other,2600,150,180,75,3,90,0:50,,https://rcdb.com/2498.htm
180,be89ee3d1b63063f149d69d3122f27e5,Great White,SeaWorld San Antonio,San Antonio,Texas,United States,Operating,1997-02,Steel,Inverted,Extreme,Bolliger & Mabillard,Inverted Coaster,2562,108,81.2,50,5,,2:00,4.6,https://rcdb.com/278.htm
181,e55500da0f1a677e5fd63fc66adf883e,Steel Eel,SeaWorld San Antonio,San Antonio,Texas,United States,Operating,1999-03-06,Steel,Sit Down,Extreme,"D.H. Morgan Manufacturing, Inc.",,3700,150,150,65,0,60,1:40,3.5,https://rcdb.com/532.htm
182,0db26b17dc2898a18e0bd1c5d5018477,Journey to Atlantis,SeaWorld San Antonio,San Antonio,Texas,United States,Operating,2007-05-11,Steel,Sit Down,Thrill,Mack Rides GmbH & Co KG,SuperSplash,,100,,,0,,3:30,,https://rcdb.com/3635.htm
183,692adfd79a9143a9e19a67949f375e21,Wave Breaker: The Rescue Coaster,SeaWorld San Antonio,San Antonio,Texas,United States,Operating,2017-06-16,Steel,Sit Down,Thrill,Intamin Amusement Rides,Family Launch Coaster,2600,61,,44,0,,,,https://rcdb.com/14302.htm
184,6f96092551c8f61bc9b48a779309c43c,Texas Stingray,SeaWorld San Antonio,San Antonio,Texas,United States,Operating,2020-02-22,Wood,Sit Down,Thrill,Great Coasters International,Wooden Coasters,3379,96,100,55,0,,,,https://rcdb.com/17278.htm
185,584522c35d0ca00b8586ce7f363e2306,Poltergeist,Six Flags Fiesta Texas,San Antonio,Texas,United States,Operating,1999-05-28,Steel,Sit Down,Extreme,Premier Rides,LIM Coaster,2705,78.8,,60,4,,1:15,4.5,https://rcdb.com/528.htm
186,37a783d0f3920aba3c103b3b9f8bfa5f,Superman Krypton Coaster,Six Flags Fiesta Texas,San Antonio,Texas,United States,Operating,2000-03-11,Steel,Sit Down,Extreme,Bolliger & Mabillard,Floorless Coaster,4025,168,,70,6,,2:35,,https://rcdb.com/605.htm
187,f35bf78f1bfaa2ede6637980bf2bdce0,Goliath,Six Flags Fiesta Texas,San Antonio,Texas,United States,Operating,2008-04-18,Steel,Inverted,Extreme,Bolliger & Mabillard,Inverted Coaster,2693,105,80,50,5,,2:00,,https://rcdb.com/3976.htm
188,c6daf922994620697db6661b32414e3c,Iron Rattler,Six Flags Fiesta Texas,San Antonio,Texas,United States,Operating,2013-05-25,Steel,Sit Down,Extreme,Rocky Mountain Construction,IBox Track,3266,179,171,70,1,81,,,https://rcdb.com/11663.htm
189,72899eb048e258aa419f61a42c7f605d,Batman The Ride,Six Flags Fiesta Texas,San Antonio,Texas,United States,Operating,2015-05-23,Steel,Wing,Extreme,S&S Worldwide,4D Free Spin,1019,120,54,38,0,,,,https://rcdb.com/12283.htm
190,8920b7427d1b33362f52ac9414f9ec68,Wonder Woman Golden Lasso Coaster,Six Flags Fiesta Texas,San Antonio,Texas,United States,Operating,2018-05-12,Steel,Sit Down,Extreme,Rocky Mountain Construction,Raptor Track,1800,113,100,52,3,90,,,https://rcdb.com/15368.htm
191,95ee7eabcd95f835a1a6c72f01a92ac6,Dr. Diabolical's Cliffhanger,Six Flags Fiesta Texas,San Antonio,Texas,United States,Operating,2022-07-30,Steel,Sit Down,Extreme,Bolliger & Mabillard,Dive Coaster,2501,150,,60,2,95,,,https://rcdb.com/19495.htm
192,a268618dec37a7f55a4bc196595d8908,Pandemonium,Six Flags Over Texas,Arlington,Texas,United States,Operating,2008-05-17,Steel,Sit Down,Thrill,Gerstlauer Amusement Rides GmbH,Spinning Coaster,1351,53,27,31,0,,1:51,,https://rcdb.com/4042.htm
193,08f3d740ea0d790d444adf1bc7887e68,New Texas Giant,Six Flags Over Texas,Arlington,Texas,United States,Operating,2011-04-22,Steel,Sit Down,Extreme,Rocky Mountain Construction,IBox Track,4200,153,147,65,0,79,,,https://rcdb.com/11662.htm
194,76981df01b6e1f68dd8595c8db2a2a68,Joker,Six Flags Over Texas,Arlington,Texas,United States,Operating,2017-05-20,Steel,Wing,Extreme,S&S Worldwide,4D Free Spin,1019,120,54,38,0,,,,https://rcdb.com/14188.htm
195,d074679c682556e518ac21c48348988c,Aquaman: Power Wave,Six Flags Over Texas,Arlington,Texas,United States,Operating,2023-03-11,Steel,Sit Down,Extreme,Mack Rides GmbH & Co KG,PowerSplash,708.7,146.3,,62.1,0,90,,,https://rcdb.com/17653.htm
196,9e7e4754a28c04f355f7bd120a5ea44c,Shock Wave,Six Flags Over Texas,Arlington,Texas,United States,Operating,1978-04-22,Steel,Sit Down,Extreme,Schwarzkopf,,3600,116,,60,2,,2:00,,https://rcdb.com/28.htm
197,ecbfd2dac39fc80841196bf4d98e8867,Judge Roy Scream,Six Flags Over Texas,Arlington,Texas,United States,Operating,1980-03-01,Wood,Sit Down,Thrill,,,2670,71,65,45,0,,1:30,,https://rcdb.com/29.htm
198,b1f73dc3b9413e333cd002e0d1ccba3b,Runaway Mine Train,Six Flags Over Texas,Arlington,Texas,United States,Operating,1966-07-23,Steel,Sit Down,Thrill,Arrow Dynamics,Mine Train,2485,35,,,0,,3:00,,https://rcdb.com/30.htm
199,7e9d7e30b1576832331bbca9b44f54f3,Runaway Mountain,Six Flags Over Texas,Arlington,Texas,United States,Operating,1996,Steel,Sit Down,Thrill,Premier Rides,Standard Coaster,1500,65,,40,0,,,,https://rcdb.com/31.htm
200,e35e95a977351fbed286a898569cf581,Mini Mine Train,Six Flags Over Texas,Arlington,Texas,United States,Operating,1969,Steel,Sit Down,Family,Arrow Dynamics,Mini Mine Train,910,20,,,0,,1:10,,https://rcdb.com/97.htm
201,8e4f45b160e2d8941f6c51cd53e80065,Mr. Freeze,Six Flags Over Texas,Arlington,Texas,United States,Operating,1998,Steel,Sit Down,Extreme,Premier Rides,LIM Shuttle Loop Coaster,1300,218,,70,1,90,,,https://rcdb.com/281.htm
202,bd0f926ae03c89907f7cad27039656cd,Batman The Ride,Six Flags Over Texas,Arlington,Texas,United States,Operating,1999-05-26,Steel,Inverted,Extreme,Bolliger & Mabillard,Inverted Coaster,2700,105,,50,5,,2:00,4,https://rcdb.com/552.htm
203,801f096a1887a5a7e7f234fd8698b56d,Titan,Six Flags Over Texas,Arlington,Texas,United States,Operating,2001-04-27,Steel,Sit Down,Extreme,Giovanola,Mega Coaster,5312,245,255,85,0,,3:30,,https://rcdb.com/742.htm
204,276a34a507c06173c0956a442156ad09,La Vibora,Six Flags Over Texas,Arlington,Texas,United States,Operated,1986,Steel,Bobsled,Thrill,Intamin Amusement Rides,Swiss Bob,1490,60,,32,0,,1:30,,https://rcdb.com/99.htm
